official_year,title,doi,crossref_reference_count,openalex_status,openalex_id,openalex_referenced_works_count,openalex_referenced_works_len,diff_openalex_minus_crossref
2017,Uncovering the Importance of Relationship Characteristics in Social Networks: Implications for Seeding Strategies,10.1509/jmr.12.0511,51,200,https://openalex.org/W2406656474,55,55,4
2017,Positioning Multicountry Brands: The Impact of Variation in Cultural Values and Competitive Set,10.1509/jmr.13.0058,51,200,https://openalex.org/W2605401013,45,45,-6
2017,Repairing the Damage: The Effect of Price Knowledge and Gender on Auto Repair Price Quotes,10.1509/jmr.13.0291,27,200,https://openalex.org/W2341552721,33,33,6
2017,The Influence of the Structure of Interdependence on the Response to Inequity in Buyer–Supplier Relationships,10.1509/jmr.13.0319,57,200,https://openalex.org/W2328164216,76,76,19
2017,Keep Your Cool or Let it Out: Nonlinear Effects of Expressed Arousal on Perceptions of Consumer Reviews,10.1509/jmr.13.0379,94,200,https://openalex.org/W2509070588,90,90,-4
2017,Social Interactions and Monetary Incentives in Driving Consumer Repeat Behavior,10.1509/jmr.13.0482,58,200,https://openalex.org/W2485424538,55,55,-3
2017,Efficient Design and Analysis for a Selective Choice Process,10.1509/jmr.13.0545,33,200,https://openalex.org/W2357915621,33,33,0
2017,A Meta-Analysis of Marketing Communication Carryover Effects,10.1509/jmr.13.0580,57,200,https://openalex.org/W2613795277,57,57,0
2017,Who's Driving this Conversation? Systematic Biases in the Content of Online Consumer Discussions,10.1509/jmr.14.0012,36,200,https://openalex.org/W2307931089,40,40,4
2017,Do Disclosures of Customer Metrics Lower Investors’ and Analysts’ Uncertainty but Hurt Firm Performance?,10.1509/jmr.14.0028,130,200,https://openalex.org/W2469747740,100,100,-30
2017,"Values that Shape Marketing Decisions: Influence of Chief Executive Officers’ Political Ideologies on Innovation Propensity, Shareholder Value, and Risk",10.1509/jmr.14.0110,69,200,https://openalex.org/W2415235733,65,65,-4
2017,Shining Light on Atmospherics: How Ambient Light Influences Food Choices,10.1509/jmr.14.0115,84,200,https://openalex.org/W2346223178,83,83,-1
2017,"A Dynamic Model for Digital Advertising: The Effects of Creative Format, Message Content, and Targeting on Engagement",10.1509/jmr.14.0117,73,200,https://openalex.org/W2408075075,75,75,2
2017,Interpreting the Stock Returns to New Product Announcements: How the past Shapes Investors’ Expectations of the Future,10.1509/jmr.14.0119,61,200,https://openalex.org/W2560377044,58,58,-3
2017,Mobility of Top Marketing and Sales Executives in Business-to-Business Markets: A Social Network Perspective,10.1509/jmr.14.0124,85,200,https://openalex.org/W2507395308,84,84,-1
2017,Rejecting Responsibility: Low Physical Involvement in Obtaining Food Promotes Unhealthy Eating,10.1509/jmr.14.0125,72,200,https://openalex.org/W2519708027,69,69,-3
2017,Franchisor–Franchisee Bankruptcy and the Efficacy of Franchisee Governance,10.1509/jmr.14.0182,76,200,https://openalex.org/W2612965891,75,75,-1
2017,A New Method to Aid Copy Testing of Paid Search Text Advertisements,10.1509/jmr.14.0186,39,200,https://openalex.org/W2589021926,35,35,-4
2017,“Mere Measurement Plus”: How Solicitation of Open-Ended Positive Feedback Influences Customer Purchase Behavior,10.1509/jmr.14.0232,40,200,https://openalex.org/W2303230392,42,42,2
2017,Does “Liking” Lead to Loving? The Impact of Joining a Brand's Social Network on Marketing Outcomes,10.1509/jmr.14.0237,28,200,https://openalex.org/W2465607256,27,27,-1
2017,The Self-Expressive Customization of a Product Can Improve Performance,10.1509/jmr.14.0293,64,200,https://openalex.org/W2530127458,69,69,5
2017,Sounds Big: The Effects of Acoustic Pitch on Product Perceptions,10.1509/jmr.14.0300,83,200,https://openalex.org/W2470622704,88,88,5
2017,Tweeting as a Marketing Tool: A Field Experiment in the TV Industry,10.1509/jmr.14.0348,61,200,https://openalex.org/W159408523,54,54,-7
2017,Return on Service Amenities,10.1509/jmr.14.0364,41,200,https://openalex.org/W2340530264,30,30,-11
2017,"The Jilting Effect: Antecedents, Mechanisms, and Consequences for Preference",10.1509/jmr.14.0373,55,200,https://openalex.org/W2555518326,56,56,1
2017,Comparison Neglect in Upgrade Decisions,10.1509/jmr.14.0394,39,200,https://openalex.org/W2511220624,36,36,-3
2017,Turning off the Lights: Consumers' Environmental Efforts Depend on Visible Efforts of Firms,10.1509/jmr.14.0441,68,200,https://openalex.org/W2479027724,58,58,-10
2017,Time Preferences and Mortgage Choice,10.1509/jmr.14.0481,60,200,https://openalex.org/W2495130399,72,72,12
2017,Clicks as a Healthy Alternative to Bricks: How Online Grocery Shopping Reduces Vice Purchases,10.1509/jmr.14.0490,74,200,https://openalex.org/W2383220224,61,61,-13
2017,Can Offline Stores Drive Online Sales?,10.1509/jmr.14.0518,53,200,https://openalex.org/W2532859047,44,44,-9
2017,Riding the Waves: Revealing the Impact of Intrayear Category Demand Cycles on Advertising and Pricing Effectiveness,10.1509/jmr.14.0576,68,200,https://openalex.org/W2471936659,73,73,5
2017,What Happens Online Stays Online? Segment-Specific Online and Offline Effects of Banner Advertisements,10.1509/jmr.14.0625,41,200,https://openalex.org/W2594752036,37,37,-4
2017,On the Method of Evolutionary Psychology and Its Applicability to Consumer Research,10.1509/jmr.14.0645,125,200,https://openalex.org/W2496163887,119,119,-6
2017,The Charity Beauty Premium: Satisfying Donors’ “Want” versus “Should” Desires,10.1509/jmr.14.0658,76,200,https://openalex.org/W2531852992,66,66,-10
2017,Tipping the Scale: The Role of Discriminability in Conjoint Analysis,10.1509/jmr.14.0659,53,200,https://openalex.org/W2433347344,76,76,23
2017,Do Costly Options Lead to Better Outcomes? How the Protestant Work Ethic Influences the Cost–Benefit Heuristic in Goal Pursuit,10.1509/jmr.15.0105,54,200,https://openalex.org/W2530500807,56,56,2
2017,Identifying the Presence and Cause of Fashion Cycles in Data,10.1509/jmr.15.0119,70,200,https://openalex.org/W3125492715,75,75,5
2017,TV Channel Search and Commercial Breaks,10.1509/jmr.15.0121,29,200,https://openalex.org/W3125202474,22,22,-7
2017,“Be Careless with That!” Availability of Product Upgrades Increases Cavalier Behavior toward Possessions,10.1509/jmr.15.0131,70,200,https://openalex.org/W1752302988,64,64,-6
2017,Linking Customer Behaviors to Cash Flow Level and Volatility: Implications for Marketing Practices,10.1509/jmr.15.0158,68,200,https://openalex.org/W2282049647,47,47,-21
2017,Incentives versus Reciprocity: Insights from a Field Experiment,10.1509/jmr.15.0174,59,200,https://openalex.org/W1865543013,63,63,4
2017,How Does Team Composition Affect Effort in Contests? A Theoretical and Experimental Analysis,10.1509/jmr.15.0201,20,200,https://openalex.org/W2317309847,22,22,2
2017,The Rise of the Sharing Economy: Estimating the Impact of Airbnb on the Hotel Industry,10.1509/jmr.15.0204,38,200,https://openalex.org/W3123937330,37,37,-1
2017,Exploring the Relationship between Varieties of Variety and Weight Loss: When more Variety can Help People Lose Weight,10.1509/jmr.15.0206,51,200,https://openalex.org/W2518234603,47,47,-4
2017,The Benefits of Emergency Reserves: Greater Preference and Persistence for Goals that Have Slack with a Cost,10.1509/jmr.15.0231,45,200,https://openalex.org/W2476037278,47,47,2
2017,The Value of Marketing Crowdsourced New Products as Such: Evidence from Two Randomized Field Experiments,10.1509/jmr.15.0244,43,200,https://openalex.org/W2521497567,40,40,-3
2017,How Language Shapes Word of Mouth's Impact,10.1509/jmr.15.0248,86,200,https://openalex.org/W2508526766,87,87,1
2017,Seller Beware: How Bundling Affects Valuation,10.1509/jmr.15.0277,35,200,https://openalex.org/W2570591202,41,41,6
2017,Ghost Ads: Improving the Economics of Measuring Online Ad Effectiveness,10.1509/jmr.15.0297,45,200,https://openalex.org/W3122414560,32,32,-13
2017,Extracting Summary Piles from Sorting Task Data,10.1509/jmr.15.0388,48,200,https://openalex.org/W2500192121,47,47,-1
2017,Demand for “Healthy” Products: False Claims and FTC Regulation,10.1509/jmr.15.0398,27,200,https://openalex.org/W3124026621,27,27,0
2017,What Are Likes Worth? A Facebook Page Field Experiment,10.1509/jmr.15.0409,55,200,https://openalex.org/W2417728493,44,44,-11
2017,Beyond the Target Customer: Social Effects of Customer Relationship Management Campaigns,10.1509/jmr.15.0442,44,200,https://openalex.org/W2173879362,52,52,8
2017,Building Agent-Based Decision Support Systems for Word-of-Mouth Programs: A Freemium Application,10.1509/jmr.15.0443,83,200,https://openalex.org/W2521112083,84,84,1
2017,Why Do Salespeople Quit? An Empirical Examination of Own and Peer Effects on Salesperson Turnover Behavior,10.1509/jmr.15.0485,72,200,https://openalex.org/W2513506569,66,66,-6
2017,Predicting the Consequences of Marketing Policy Changes: A New Data Enrichment Method with Competitive Reactions,10.1509/jmr.15.0498,65,200,https://openalex.org/W2566662100,70,70,5
2017,Influencing Acquisition Performance in High-Technology Industries: The Role of Innovation and Relational Overlap,10.1509/jmr.15.0556,100,200,https://openalex.org/W2472696063,97,97,-3
2017,The Effect of Recycling versus Trashing on Consumption: Theory and Experimental Evidence,10.1509/jmr.15.0574,46,200,https://openalex.org/W2398757056,44,44,-2
2017,Analyzing Client Profitability across Diffusion Segments for a Continuous Innovation,10.1509/jmr.16.0209,52,200,https://openalex.org/W2592628518,50,50,-2
2017,Dynamically Managing a Profitable Email Marketing Program,10.1509/jmr.16.0210,38,200,https://openalex.org/W2587032255,33,33,-5
2017,Field Experimentation in Marketing Research,10.1509/jmr.16.0225,39,200,https://openalex.org/W2497023894,38,38,-1
2017,Journal of Marketing Research: Looking Forward,10.1509/jmr.54.11,20,200,https://openalex.org/W2586026726,19,19,-1
2018,"The Seesaw Self: Possessions, Identity (De)activation, and Task Performance",10.1177/0022243718793885,43,200,https://openalex.org/W3125179881,42,42,-1
2018,When Does Partitioned Pricing Lead to More Favorable Consumer Preferences?: Meta-Analytic Evidence,10.1177/0022243718800724,67,200,https://openalex.org/W4255489062,58,58,-9
2018,Relationship Governance Dynamics: The Roles of Partner Selection Efforts and Mutual Investments,10.1177/0022243718801325,70,200,https://openalex.org/W4245555561,67,67,-3
2018,Customer-Based Corporate Valuation for Publicly Traded Noncontractual Firms,10.1177/0022243718802843,53,200,https://openalex.org/W4253168449,40,40,-13
2018,Online Reputation Mechanisms and the Decreasing Value of Chain Affiliation,10.1177/0022243718802844,30,200,https://openalex.org/W4249915307,28,28,-2
2018,Delusion in Attribution: Caveats in Using Attribution for Multimedia Budget Allocation,10.1177/0022243718802845,32,200,https://openalex.org/W4253821790,27,27,-5
2018,Intercompetitor Licensing and Product Innovation,10.1177/0022243718802846,46,200,https://openalex.org/W4238475087,40,40,-6
2018,Inspired to Create: Awe Enhances Openness to Learning and the Desire for Experiential Creation,10.1177/0022243718802853,66,200,https://openalex.org/W3124022607,59,59,-7
2018,Does Selective Sales Force Training Work?,10.1177/0022243718803096,36,200,https://openalex.org/W4238354545,33,33,-3
2018,How Evaluations of Multiple Percentage Price Changes Are Influenced by Presentation Mode and Percentage Ordering: The Role of Anchoring and Surprise,10.1177/0022243718808554,42,200,https://openalex.org/W4237655339,39,39,-3
2018,The Effect of Perceived Similarity on Sequential Risk Taking,10.1177/0022243718810800,67,200,https://openalex.org/W4251298467,62,62,-5
2018,Egocentric Improvement Evaluations: Change in the Self as an Anchor for Brand Improvement Judgments,10.1177/0022243718810801,44,200,https://openalex.org/W4255187997,44,44,0
2018,"Misresponse to Survey Questions: A Conceptual Framework and Empirical Test of the Effects of Reversals, Negations, and Polar Opposite Core Concepts",10.1177/0022243718811848,33,200,https://openalex.org/W4251514652,32,32,-1
2018,Cashback Is Cash Forward: Delaying a Discount to Entice Future Spending,10.1177/0022243718811853,26,200,https://openalex.org/W4241389579,26,26,0
2018,"Spillover Effects of Mission Activities on Revenues in Nonprofit Health Care: The Case of Aravind Eye Hospitals, India",10.1177/0022243718813347,36,200,https://openalex.org/W2901757833,35,35,-1
2018,"Attention, Information Processing, and Choice in Incentive-Aligned Choice Experiments",10.1177/0022243718817004,55,200,https://openalex.org/W2907186477,53,53,-2
2018,Talk Bursts: The Role of Spikes in Prerelease Word-of-Mouth Dynamics,10.1177/0022243718817007,61,200,https://openalex.org/W4231644779,54,54,-7
2018,“There Ain’t No Such Thing as a Free Lunch”: Consumers’ Reactions to Pseudo-Free Offers,10.1177/0022243718817010,48,200,https://openalex.org/W4231493848,38,38,-10
2018,Man Versus Machine: Resisting Automation in Identity-Based Consumer Behavior,10.1177/0022243718818423,40,200,https://openalex.org/W4232279720,36,36,-4
2018,To Bargain or Not to Bargain: The Role of Fixed Costs in Price Negotiations,10.1177/0022243718818451,31,200,https://openalex.org/W4256245427,24,24,-7
2018,Building a Social Network for Success,10.1509/jmr.12.0417,39,200,https://openalex.org/W2775925441,55,55,16
2018,A Probit Model with Structured Covariance for Similarity Effects and Source of Volume Calculations,10.1509/jmr.13.0240,28,200,https://openalex.org/W3123952839,29,29,1
2018,The Influence of Time-Interval Descriptions on Goal-Pursuit Decisions,10.1509/jmr.14.0088,54,200,https://openalex.org/W2681688998,51,51,-3
2018,Modeling Simultaneous Multiple Goal Pursuit and Adaptation in Consumer Choice,10.1509/jmr.14.0102,41,200,https://openalex.org/W2775007035,40,40,-1
2018,Is Cash King for Sales Compensation Plans? Evidence from a Large-Scale Field Intervention,10.1509/jmr.14.0290,49,200,https://openalex.org/W2779716612,53,53,4
2018,Making Warnings about Misleading Advertising and Product Recalls more Effective: An Implicit Attitude Perspective,10.1509/jmr.14.0305,44,200,https://openalex.org/W2766489727,43,43,-1
2018,The Asymmetric Impact of Context on Advantaged versus Disadvantaged Options,10.1509/jmr.14.0483,43,200,https://openalex.org/W2773766477,42,42,-1
2018,An Empirical Study of Uniform and Differential Pricing in the Movie           Theatrical Market,10.1509/jmr.14.0632,39,200,https://openalex.org/W2785576701,36,36,-3
2018,Network Overlap and Content Sharing on Social Media Platforms,10.1509/jmr.14.0643,55,200,https://openalex.org/W2789104475,65,65,10
2018,How Customer Referral Programs Turn Social Capital into Economic Capital,10.1509/jmr.14.0653,62,200,https://openalex.org/W2740731669,72,72,10
2018,How Encouraging Niceness Can Incentivize Nastiness: An Unintended Consequence of Advertising Reform,10.1509/jmr.14.0654,47,200,https://openalex.org/W3123129042,36,36,-11
2018,"When Promoting Similarity Slows Satiation: The Relationship of Variety, Categorization, Similarity, and Satiation",10.1509/jmr.15.0010,23,200,https://openalex.org/W2802672130,24,24,1
2018,"Mirror, Mirror on the Retail Wall: Self-Focused Attention Promotes Reliance on Feelings in Consumer Decisions",10.1509/jmr.15.0080,75,200,https://openalex.org/W2790844761,76,76,1
2018,The Determinants and Consequences of Search Cost Heterogeneity: Evidence from Local Gasoline Markets,10.1509/jmr.15.0146,58,200,https://openalex.org/W3124949860,56,56,-2
2018,Points of (Dis)parity: Expectation Disconfirmation from Common Attributes in Consumer Choice,10.1509/jmr.15.0233,36,200,https://openalex.org/W2606439493,37,37,1
2018,Frontline Problem-Solving Effectiveness: A Dynamic Analysis of Verbal and Nonverbal Cues,10.1509/jmr.15.0243,71,200,https://openalex.org/W2765195011,66,66,-5
2018,In God's Hands: How Reminders of God Dampen the Effectiveness of Fear Appeals,10.1509/jmr.15.0246,49,200,https://openalex.org/W2748467094,51,51,2
2018,The Abercrombie &amp; Fitch Effect: The Impact of Physical Dominance on Male Customers' Status-Signaling Consumption,10.1509/jmr.15.0247,39,200,https://openalex.org/W2735769720,35,35,-4
2018,Efficient Large-Scale Internet Media Selection Optimization for Online Display Advertising,10.1509/jmr.15.0307,63,200,https://openalex.org/W2799781735,49,49,-14
2018,The Teasing Effect: An Underappreciated Benefit of Creating and Resolving an Uncertainty,10.1509/jmr.15.0346,99,200,https://openalex.org/W2785835441,96,96,-3
2018,TV Viewing and Advertising Targeting,10.1509/jmr.15.0421,36,200,https://openalex.org/W2761180040,45,45,9
2018,How Deviations from Performance Norms Impact Charitable Donations,10.1509/jmr.15.0509,49,200,https://openalex.org/W2757352553,47,47,-2
2018,When and how Managers' Responses to Online Reviews Affect Subsequent Reviews,10.1509/jmr.15.0511,34,200,https://openalex.org/W2513205909,30,30,-4
2018,Double Mental Discounting: When a Single Price Promotion Feels Twice as Nice,10.1509/jmr.15.0559,38,200,https://openalex.org/W2772609881,34,34,-4
2018,The Impact of Mergers and Acquisitions on the Sales Force,10.1509/jmr.16.0059,53,200,https://openalex.org/W2773522644,49,49,-4
2018,(I'm) Happy to Help (You): The Impact of Personal Pronoun Use in Customer–Firm Interactions,10.1509/jmr.16.0118,83,200,https://openalex.org/W2786306177,83,83,0
2018,Retention Futility: Targeting High-Risk Customers Might be Ineffective,10.1509/jmr.16.0163,58,200,https://openalex.org/W3122149192,49,49,-9
2018,Agglomeration as a Driver of the Volume of Electronic Word of Mouth in the Restaurant Industry,10.1509/jmr.16.0182,61,200,https://openalex.org/W2793153858,62,62,1
2018,The Club Store Effect: Impact of Shopping in Warehouse Club Stores on Consumers' Packaged Food Purchases,10.1509/jmr.16.0235,58,200,https://openalex.org/W2772866280,55,55,-3
2018,Firms' Strategic Leverage of Unplanned Exposure and Planned Advertising: An Analysis in the Context of Celebrity Endorsements,10.1509/jmr.16.0260,36,200,https://openalex.org/W2750575675,35,35,-1
2018,"Social Information Avoidance: When, why, and how it is Costly in Goal Pursuit",10.1509/jmr.16.0268,53,200,https://openalex.org/W2779144671,58,58,5
2018,The Impact of Death-Related Media Information on Consumer Value Orientation and Scope Sensitivity,10.1509/jmr.16.0282,61,200,https://openalex.org/W2771264452,67,67,6
2018,The Relative Influence of Economic and Relational Direct Marketing Communications on Buying Behavior in Business-to-Business Markets,10.1509/jmr.16.0283,64,200,https://openalex.org/W2607032824,60,60,-4
2018,Matchmaker Competition and Technology Provision,10.1509/jmr.16.0423,32,200,https://openalex.org/W2778770471,30,30,-2
2018,Circle of Incompetence: Sense of Understanding as an Improper Guide to Investment Risk,10.1509/jmr.16.0429,84,200,https://openalex.org/W2785376705,81,81,-3
2018,Modeling Gift Choice: The Effect of Uncertainty on Price Sensitivity,10.1509/jmr.16.0453,47,200,https://openalex.org/W2785565799,47,47,0
2018,Reframing the Discount as a Comparison against the Sale Price: Does it Make the Discount More Attractive?,10.1509/jmr.16.0599,41,200,https://openalex.org/W2786975500,39,39,-2
2018,Are you Back for Good or Still Shopping Around? Investigating Customers' Repeat Churn Behavior,10.1509/jmr.16.0623,28,200,https://openalex.org/W2773961354,31,31,3
2018,Neural Profiling of Brands: Mapping Brand Image in Consumers’ Brains with Visual Templates,10.1509/jmr.17.0019,85,200,https://openalex.org/W2787591640,81,81,-4
2018,When Showrooming Increases Retailer Profit,10.1509/jmr.17.0059,44,200,https://openalex.org/W2531345612,40,40,-4
2019,Bayesian Nonparametric Dynamic Methods: Applications to Linear and Nonlinear Advertising Models,10.1177/0022243718810524,59,200,https://openalex.org/W2910571853,59,59,0
2019,"If at First You Do Succeed, Do You Try, Try Again? Developing the Persistence–Licensing Response Measure to Understand, Predict, and Modify Behavior Following Subgoal Success",10.1177/0022243718811296,83,200,https://openalex.org/W2913362242,81,81,-2
2019,The Sleepy Consumer and Variety Seeking,10.1177/0022243718811334,77,200,https://openalex.org/W2906967410,80,80,3
2019,Political Identity and Financial Risk Taking: Insights from Social Dominance Orientation,10.1177/0022243718813331,68,200,https://openalex.org/W2921962300,82,82,14
2019,Having Control Over and Above Situations: The Influence of Elevated Viewpoints on Risk Taking,10.1177/0022243718813544,65,200,https://openalex.org/W2913039595,62,62,-3
2019,An Experimental Investigation of the Effects of Retargeted Advertising: The Role of Frequency and Timing,10.1177/0022243718813987,29,200,https://openalex.org/W3125718908,25,25,-4
2019,Selectively Emotional: How Smartphone Use Changes User-Generated Content,10.1177/0022243718815429,47,200,https://openalex.org/W2913549175,41,41,-6
2019,Multichannel Strategies for Managing the Profitability of Business-to-Business Customers,10.1177/0022243718816952,65,200,https://openalex.org/W2929944927,57,57,-8
2019,"Targeted Promotions on an E-Book Platform: Crowding Out, Heterogeneity, and Opportunity Costs",10.1177/0022243718817513,34,200,https://openalex.org/W2914587198,33,33,-1
2019,Opportunity Cost Overestimation,10.1177/0022243718819474,34,200,https://openalex.org/W2939371896,32,32,-2
2019,The Visual Asymmetry Effect: An Interplay of Logo Design and Brand Personality on Brand Equity,10.1177/0022243718820548,69,200,https://openalex.org/W4242399553,65,65,-4
2019,Extracting Features of Entertainment Products: A Guided Latent Dirichlet Allocation Approach Informed by the Psychology of Media Consumption,10.1177/0022243718820559,74,200,https://openalex.org/W2908210228,60,60,-14
2019,Capital Market Returns to New Product Development Success: Informational Effects on Product Market Advertising,10.1177/0022243718820560,55,200,https://openalex.org/W2907164433,56,56,1
2019,Falling Back on Numbers: When Preference for Numerical Product Information Increases after a Personal Control Threat,10.1177/0022243718820570,64,200,https://openalex.org/W2905780063,65,65,1
2019,Brand Name Types and Consumer Demand: Evidence from China’s Automobile Market,10.1177/0022243718820571,62,200,https://openalex.org/W2608000931,57,57,-5
2019,"Up, Up, and Away: Upgrading as a Response to Dissimilar Brand Users",10.1177/0022243718820572,48,200,https://openalex.org/W2905478414,48,48,0
2019,The Smell of Healthy Choices: Cross-Modal Sensory Compensation Effects of Ambient Scent on Food Purchases,10.1177/0022243718820585,90,200,https://openalex.org/W2906872296,81,81,-9
2019,Wearout or Weariness? Measuring Potential Negative Consequences of Online Ad Volume and Placement on Website Visits,10.1177/0022243718820587,68,200,https://openalex.org/W2908027574,62,62,-6
2019,Branded Apps and Their Impact on Firm Value: A Design Perspective,10.1177/0022243718820588,62,200,https://openalex.org/W2907193334,60,60,-2
2019,Assessing Sensitive Consumer Behavior Using the Item Count Response Technique,10.1177/0022243718821312,49,200,https://openalex.org/W2906877942,49,49,0
2019,Frugality Is Hard to Afford,10.1177/0022243718821660,46,200,https://openalex.org/W3125850636,45,45,-1
2019,Price-Matching Guarantees as a Direct Signal of Low Prices,10.1177/0022243718821666,55,200,https://openalex.org/W2910785340,52,52,-3
2019,Prosocial Goal Pursuit in Crowdfunding: Evidence from Kickstarter,10.1177/0022243718821697,59,200,https://openalex.org/W2933435847,54,54,-5
2019,"How Should Firms Manage Excessive Product Use? A Continuous-Time Demand Model to Test Reward Schedules, Notifications, and Time Limits",10.1177/0022243718821698,57,200,https://openalex.org/W2924677245,51,51,-6
2019,Speaking for “Free”: Word of Mouth in Free- and Paid-Product Settings,10.1177/0022243718821957,53,200,https://openalex.org/W2911497168,51,51,-2
2019,When Posting About Products on Social Media Backfires: The Negative Effects of Consumer Identity Signaling on Product Interest,10.1177/0022243718821960,54,200,https://openalex.org/W2910788408,51,51,-3
2019,Value Appropriation and Firm Shareholder Value: Role of Advertising and Receivables Management,10.1177/0022243718822506,86,200,https://openalex.org/W4247881158,85,85,-1
2019,Service Robots Rising: How Humanoid Robots Influence Service Experiences and Elicit Compensatory Consumer Responses,10.1177/0022243718822827,146,200,https://openalex.org/W2941128398,111,111,-35
2019,Optimal Design of Free Samples for Digital Products and Services,10.1177/0022243718823169,36,200,https://openalex.org/W2940771723,35,35,-1
2019,The Impact of a Complement-Based Assortment Organization on Purchases,10.1177/0022243718823698,53,200,https://openalex.org/W2904014407,52,52,-1
2019,Modeling Emerging-Market Firms’ Competitive Retail Distribution Strategies,10.1177/0022243718823711,75,200,https://openalex.org/W2941841447,62,62,-13
2019,Climb or Jump: Status-Based Seeding in User-Generated Content Networks,10.1177/0022243718824081,52,200,https://openalex.org/W2795188944,52,52,0
2019,Managing Laggards: The Importance of a Deep Sales Bench,10.1177/0022243718824561,44,200,https://openalex.org/W2945800275,46,46,2
2019,Sales Force Compensation Design for Two-Sided Market Platforms,10.1177/0022243719825818,34,200,https://openalex.org/W2948945478,34,34,0
2019,The Bright Side of Having an Enemy,10.1177/0022243719827916,34,200,https://openalex.org/W2945957690,29,29,-5
2019,Harmful Effects of Mental Imagery and Customer Orientation During New Product Screening,10.1177/0022243719827963,44,200,https://openalex.org/W2947061688,44,44,0
2019,Mapping Time: How the Spatial Representation of Time Influences Intertemporal Choices,10.1177/0022243719827967,58,200,https://openalex.org/W2409878526,55,55,-3
2019,Putting the Person Back in Person-Brands: Understanding and Managing the Two-Bodied Brand,10.1177/0022243719830654,110,200,https://openalex.org/W2944962987,69,69,-41
2019,"Strategic Manipulation of University Rankings, the Prestige Effect, and Student University Choice",10.1177/0022243719831258,46,200,https://openalex.org/W2947185457,49,49,3
2019,P2V-MAP: Mapping Market Structures for Large Retail Assortments,10.1177/0022243719833631,54,200,https://openalex.org/W2948435981,50,50,-4
2019,In Mobile We Trust: The Effects of Mobile Versus Nonmobile Reviews on Consumer Purchase Intentions,10.1177/0022243719834514,67,200,https://openalex.org/W2920901109,64,64,-3
2019,The Charm of Behavior-Based Pricing: When Consumers’ Taste Is Diverse and the Consideration Set Is Limited,10.1177/0022243719834945,26,200,https://openalex.org/W2954544091,26,26,0
2019,Product Launches with New Attributes: A Hybrid Conjoint–Consumer Panel Technique for Estimating Demand,10.1177/0022243719843132,43,200,https://openalex.org/W2760830699,34,34,-9
2019,Let the Logo Do the Talking: The Influence of Logo Descriptiveness on Brand Equity,10.1177/0022243719845000,62,200,https://openalex.org/W2952063691,62,62,0
2019,The Secret Ingredient Is Me: Customization Prompts Self-Image-Consistent Product Perceptions,10.1177/0022243719846063,34,200,https://openalex.org/W2954703484,32,32,-2
2019,When Salespeople Manage Customer Relationships: Multidimensional Incentives and Private Information,10.1177/0022243719847661,41,200,https://openalex.org/W2900417893,40,40,-1
2019,The Value of Rapid Delivery in Omnichannel Retailing,10.1177/0022243719849940,34,200,https://openalex.org/W4256203603,29,29,-5
2019,The “Commitment Projection” Effect: When Multiple Payments for a Product Affect Defection from a Service,10.1177/0022243719850504,83,200,https://openalex.org/W2961396636,82,82,-1
2019,When “More” Seems Like Less: Differential Price Framing Increases the Choice Share of Higher-Priced Options,10.1177/0022243719851490,71,200,https://openalex.org/W4230732278,70,70,-1
2019,Task-Dependent Algorithm Aversion,10.1177/0022243719851788,57,200,https://openalex.org/W2961720344,50,50,-7
2019,When Words Sweat: Identifying Signals for Loan Default in the Text of Loan Applications,10.1177/0022243719852959,83,200,https://openalex.org/W3015337523,76,76,-7
2019,Measuring Rank-Based Utility in Contests: The Effect of Disclosure Schemes,10.1177/0022243719853289,36,200,https://openalex.org/W2971088477,44,44,8
2019,A Tale of Two Twitterspheres: Political Microblogging During and After the 2016 Primary and Presidential Debates,10.1177/0022243719861923,57,200,https://openalex.org/W4249424355,40,40,-17
2019,The Impact of Increasing Search Frictions on Online Shopping Behavior: Evidence from a Field Experiment,10.1177/0022243719865516,35,200,https://openalex.org/W4246021547,30,30,-5
2019,Media Coverage of Climate Change and Sustainable Product Consumption: Evidence from the Hybrid Vehicle Market,10.1177/0022243719865898,48,200,https://openalex.org/W2972329944,45,45,-3
2019,When Does Customer Participation Matter? An Empirical Investigation of the Role of Customer Empowerment in the Customer Participation–Performance Link,10.1177/0022243719866408,62,200,https://openalex.org/W2974400980,61,61,-1
2019,Large-Scale Cross-Category Analysis of Consumer Review Content on Sales Conversion Leveraging Deep Learning,10.1177/0022243719866690,56,200,https://openalex.org/W2970515480,50,50,-6
2019,Personalizing the Customization Experience: A Matching Theory of Mass Customization Interfaces and Cultural Information Processing,10.1177/0022243719867698,74,200,https://openalex.org/W2978817917,71,71,-3
2019,The Surprising Breadth of Harbingers of Failure,10.1177/0022243719867935,11,200,https://openalex.org/W2977893990,10,10,-1
2019,Competition of Content Acquisition and Distribution Under Consumer Multipurchase,10.1177/0022243719870803,35,200,https://openalex.org/W4241255044,33,33,-2
2020,Mindful Matching: Ordinal Versus Nominal Attributes,10.1177/0022243719853221,48,200,https://openalex.org/W3121506766,46,46,-2
2020,Price Promotions Cause Impatience,10.1177/0022243719871946,47,200,https://openalex.org/W2983322231,49,49,2
2020,Modeling Dynamic Heterogeneity Using Gaussian Processes,10.1177/0022243719874047,44,200,https://openalex.org/W2605106260,42,42,-2
2020,On the Other Hand…: Enhancing Promotional Effectiveness with Haptic Cues,10.1177/0022243719878390,45,200,https://openalex.org/W2981384712,45,45,0
2020,"Native Advertising in Online News: Trade-Offs Among Clicks, Brand Recognition, and Website Trustworthiness",10.1177/0022243719879711,54,200,https://openalex.org/W2737117411,41,41,-13
2020,Is a Picture Worth a Thousand Words? An Empirical Study of Image Content and Social Media Engagement,10.1177/0022243719881113,42,200,https://openalex.org/W2984184072,38,38,-4
2020,Transparency of Behavior-Based Pricing,10.1177/0022243719881448,52,200,https://openalex.org/W2991168862,44,44,-8
2020,A Multiattribute Benefits-Based Choice Model with Multiple Mediators: New Insights for Positioning,10.1177/0022243719881618,85,200,https://openalex.org/W2985747963,87,87,2
2020,"Multiperiod Contracting and Salesperson Effort Profiles: The Optimality of “Hockey Stick,” “Giving Up,” and “Resting on Laurels”",10.1177/0022243719887378,46,200,https://openalex.org/W3006563811,41,41,-5
2020,Why Prosocial Referral Incentives Work: The Interplay of Reputational Benefits and Action Costs,10.1177/0022243719888440,58,200,https://openalex.org/W2942651659,56,56,-2
2020,Designed to S(m)ell: When Scented Advertising Induces Proximity and Enhances Appeal,10.1177/0022243719888474,84,200,https://openalex.org/W2994804974,75,75,-9
2020,The Differential Effect of Local–Global Identity Among Males and Females: The Case of Price Sensitivity,10.1177/0022243719889028,57,200,https://openalex.org/W2994365904,63,63,6
2020,Inaction Traps in Consumer Response to Product Malfunctions,10.1177/0022243719889336,38,200,https://openalex.org/W3002706339,39,39,1
2020,Communicating Brands in Television Advertising,10.1177/0022243719892576,66,200,https://openalex.org/W3006423353,69,69,3
2020,Marketplace Donations: The Role of Moral Identity Discrepancy and Gender,10.1177/0022243719892592,77,200,https://openalex.org/W3005620950,73,73,-4
2020,The Enhancing Versus Backfiring Effects of Positive Emotion in Consumer Reviews,10.1177/0022243719892594,84,200,https://openalex.org/W4250420823,73,73,-11
2020,Service Providers’ Decision to Use Ethics Committees and Consultation in Complex Services,10.1177/0022243719898495,99,200,https://openalex.org/W3005918289,94,94,-5
2020,Nonprofit Versus For-Profit Health Care Competition: How Service Mix Makes Nonprofit Hospitals More Profitable,10.1177/0022243719901169,78,200,https://openalex.org/W3010562353,67,67,-11
2020,Mixing It Up: Unsystematic Product Arrangements Promote the Choice of Unfamiliar Products,10.1177/0022243720901520,75,200,https://openalex.org/W3012007171,72,72,-3
2020,Leveraging Brand Equity for Effective Visual Product Design,10.1177/0022243720904004,71,200,https://openalex.org/W3010244641,67,67,-4
2020,Advertising a Desired Change: When Process Simulation Fosters (vs. Hinders) Credibility and Persuasion,10.1177/0022243720904758,40,200,https://openalex.org/W3011429671,37,37,-3
2020,The Strength of Weak-Tie Consensus Language,10.1177/0022243720904957,104,200,https://openalex.org/W3007826521,101,101,-3
2020,The Anatomy of the Advertising Budget Decision: How Analytics and Heuristics Drive Sales Performance,10.1177/0022243720907578,54,200,https://openalex.org/W3013535144,50,50,-4
2020,Advertising Effectiveness for Multiple Retailer-Brands in a Multimedia and Multichannel Environment,10.1177/0022243720910104,51,200,https://openalex.org/W3015565217,43,43,-8
2020,Toward a Process-Transfer Model of the Endorser Effect,10.1177/0022243720910453,87,200,https://openalex.org/W3017108267,81,81,-6
2020,The Sales Impact of Using Handheld Scanners: Evidence from the Field,10.1177/0022243720911624,62,200,https://openalex.org/W3020616107,50,50,-12
2020,Understanding Consumer Dynamic Decision Making Under Competing Loyalty Programs,10.1177/0022243720911894,46,200,https://openalex.org/W3016135040,41,41,-5
2020,The Moderating Effect of Buying Impulsivity on the Dynamics of Unplanned Purchasing Motivations,10.1177/0022243720912284,53,200,https://openalex.org/W3016232262,50,50,-3
2020,Fear of Detection and Efficacy of Prevention: Using Construal Level to Encourage Health Behaviors,10.1177/0022243720912443,50,200,https://openalex.org/W3020599450,48,48,-2
2020,The Effect of Links and Excerpts on Internet News Consumption,10.1177/0022243720913029,50,200,https://openalex.org/W3125925269,47,47,-3
2020,Can Viagra Advertising Make More Babies? Direct-to-Consumer Advertising on Public Health Outcomes,10.1177/0022243720914271,39,200,https://openalex.org/W3023496345,33,33,-6
2020,The Positive Effect of Not Following Others on Social Media,10.1177/0022243720915467,61,200,https://openalex.org/W3033104118,68,68,7
2020,Lowering the Minimum Donation Amount Increases Consumer Purchase Likelihood of Products Associated with Cause-Related Marketing Campaigns,10.1177/0022243720916463,37,200,https://openalex.org/W3023230892,34,34,-3
2020,Hiding Gifts Behind the Veil of Vouchers: On the Effect of Gift Vouchers Versus Direct Gifts in Conditional Promotions,10.1177/0022243720916753,38,200,https://openalex.org/W3018139014,38,38,0
2020,Integration of Primary and Resale Platforms,10.1177/0022243720917352,47,200,https://openalex.org/W2895379087,29,29,-18
2020,When Consumption Regulations Backfire: The Role of Political Ideology,10.1177/0022243720919709,75,200,https://openalex.org/W3031132385,59,59,-16
2020,Contour-as-Face Framework: A Method to Preserve Privacy and Perception,10.1177/0022243720920256,59,200,https://openalex.org/W3020821548,53,53,-6
2020,Free Shipping Promotions and Product Returns,10.1177/0022243720921812,54,200,https://openalex.org/W3022128117,49,49,-5
2020,Opening the Umbrella: The Effects of Rebranding Multiple Category-Specific Private-Label Brands to One Umbrella Brand,10.1177/0022243720922853,102,200,https://openalex.org/W3016361410,97,97,-5
2020,"Weather, Affect, and Preference for Hedonic Products: The Moderating Role of Gender",10.1177/0022243720925764,66,200,https://openalex.org/W4229693927,60,60,-6
2020,The Joint and Multilevel Effects of Training and Incentives from Upstream Manufacturers on Downstream Salespeople’s Efforts,10.1177/0022243720926176,114,200,https://openalex.org/W3037100507,116,116,2
2020,Consumer Search and Filtering on Online Retail Platforms,10.1177/0022243720928367,52,200,https://openalex.org/W4243150674,49,49,-3
2020,Design and Governance of Multichannel Sales Systems: Financial Performance Consequences in Business-to-Business Markets,10.1177/0022243720929676,84,200,https://openalex.org/W3043139753,80,80,-4
2020,The Left-Digit Bias: When and Why Are Consumers Penny Wise and Pound Foolish?,10.1177/0022243720932532,49,200,https://openalex.org/W3036028842,49,49,0
2020,Face Forward: How Employees’ Digital Presence on Service Websites Affects Customer Perceptions of Website and Employee Service Quality,10.1177/0022243720934863,51,200,https://openalex.org/W3043343819,53,53,2
2020,Bayesian Synthetic Control Methods,10.1177/0022243720936230,52,200,https://openalex.org/W4235075317,54,54,2
2020,Locational Choices: Modeling Consumer Preferences for Proximity to Others in Reserved Seating Venues,10.1177/0022243720941525,35,200,https://openalex.org/W3049375116,38,38,3
2020,State-Dependent Demand Estimation with Initial Conditions Correction,10.1177/0022243720941529,27,200,https://openalex.org/W3049523611,24,24,-3
2020,"The Polarity of Online Reviews: Prevalence, Drivers and Implications",10.1177/0022243720941832,68,200,https://openalex.org/W3046704450,63,63,-5
2020,Threat of Entry and Organizational-Form Choice: The Case of Franchising in Retailing,10.1177/0022243720942753,73,200,https://openalex.org/W3046629644,65,65,-8
2020,Customization in Luxury Brands: Can Valentino Get Personal?,10.1177/0022243720943191,44,200,https://openalex.org/W3046222667,34,34,-10
2020,Should Your Brand Pick a Side? How Market Share Determines the Impact of Corporate Political Advocacy,10.1177/0022243720947682,29,200,https://openalex.org/W3086580735,26,26,-3
2020,Cutting Calories: The Preference for Lower Caloric Density Versus Smaller Quantities Among Restrained and Unrestrained Eaters,10.1177/0022243720949163,66,200,https://openalex.org/W3071678003,65,65,-1
2020,Where Do You Want to Go for Dinner? A Preference Expression Asymmetry in Joint Consumption,10.1177/0022243720949497,54,200,https://openalex.org/W3087947725,58,58,4
2020,Open Negotiation: The Back-End Benefits of Salespeople’s Transparency in the Front End,10.1177/0022243720951153,81,200,https://openalex.org/W3089767223,70,70,-11
2020,Scalable Target Marketing: Distributed Markov Chain Monte Carlo for Bayesian Hierarchical Models,10.1177/0022243720952410,28,200,https://openalex.org/W3091505755,26,26,-2
2020,"How Main Street Drives Wall Street: Customer (Dis)satisfaction, Short Sellers, and Abnormal Returns",10.1177/0022243720954373,89,200,https://openalex.org/W3094264712,78,78,-11
2020,Charting the Path to Purchase Using Topic Models,10.1177/0022243720954376,49,200,https://openalex.org/W3093275794,44,44,-5
2020,Preference Dynamics in Sequential Consumer Choice with Defaults,10.1177/0022243720956642,46,200,https://openalex.org/W3093398578,47,47,1
2020,"The
                    <i>Journal of Marketing Research</i>
                    Today: Spanning the Domains of Marketing Scholarship",10.1177/0022243720965237,41,200,https://openalex.org/W3095360909,42,42,1
2021,Construal Matching in Online Search: Applying Text Analysis to Illuminate the Consumer Decision Journey,10.1177/0022243720940693,54,200,https://openalex.org/W3081854128,54,54,0
2021,A Poisson Factorization Topic Model for the Study of Creative Documents (and Their Summaries),10.1177/0022243720943209,45,200,https://openalex.org/W3088244859,40,40,-5
2021,Customer Satisfaction and Firm Profits in Monopolies: A Study of Utilities,10.1177/0022243720962405,64,200,https://openalex.org/W3086464260,72,72,8
2021,The Impact of Informational and Emotional Television Ad Content on Online Search and Sales,10.1177/0022243720962505,69,200,https://openalex.org/W3108351724,61,61,-8
2021,Incorporating Consumer Product Categorizations into Shelf Layout Design,10.1177/0022243720964127,73,200,https://openalex.org/W3107997422,71,71,-2
2021,Investigating the Academic Performance and Disciplinary Consequences of School District Internet Access Spending,10.1177/0022243720964130,51,200,https://openalex.org/W2801531730,37,37,-14
2021,Constraining Ideas: How Seeing Ideas of Others Harms Creativity in Open Innovation,10.1177/0022243720964429,94,200,https://openalex.org/W3109336169,95,95,1
2021,Gremlins in the Data: Identifying the Information Content of Research Subjects,10.1177/0022243720965930,31,200,https://openalex.org/W2751875564,28,28,-3
2021,A Near-Optimal Bidding Strategy for Real-Time Display Advertising Auctions,10.1177/0022243720968547,50,200,https://openalex.org/W3092461400,37,37,-13
2021,Involving Sales Managers in Sales Force Compensation Design,10.1177/0022243720969174,34,200,https://openalex.org/W3092538179,29,29,-5
2021,"The Impact of Soda Taxes: Pass-Through, Tax Avoidance, and Nutritional Effects",10.1177/0022243720969401,61,200,https://openalex.org/W3093044087,48,48,-13
2021,Making the World a Better Place: How Crowdfunding Increases Consumer Demand for Social-Good Products,10.1177/0022243720970445,64,200,https://openalex.org/W3092969991,62,62,-2
2021,The Effect of Information Disclosure on Industry Payments to Physicians,10.1177/0022243720972106,76,200,https://openalex.org/W2768711059,71,71,-5
2021,Consumers’ Preference for User-Designed Versus Designer-Designed Products: The Moderating Role of Power Distance Belief,10.1177/0022243720972702,65,200,https://openalex.org/W2773826427,62,62,-3
2021,Uncertainty Evokes Consumers’ Preference for Brands Incongruent with their Global–Local Citizenship Identity,10.1177/0022243720972956,76,200,https://openalex.org/W3097540482,80,80,4
2021,Competition and Firm Service Reliability Decisions: A Study of the Airline Industry,10.1177/0022243720973943,87,200,https://openalex.org/W3123423482,66,66,-21
2021,"Marketing, Through the Eyes of the Stigmatized",10.1177/0022243720975400,68,200,https://openalex.org/W3097367118,67,67,-1
2021,"Consumer Rational (In)Attention to Favorable and Unfavorable Product Information, and Firm Information Design",10.1177/0022243720977830,48,200,https://openalex.org/W3107329017,51,51,3
2021,Organizational Herding in Advertising Spending Disclosures: Evidence and Mechanisms,10.1177/0022243720978954,55,200,https://openalex.org/W3122068513,53,53,-2
2021,The Importance of Price Beliefs in Consumer Search,10.1177/0022243720982979,63,200,https://openalex.org/W3112308645,60,60,-3
2021,How Life-Role Transitions Shape Consumer Responses to Brand Extensions,10.1177/0022243720986546,85,200,https://openalex.org/W3120433194,71,71,-14
2021,The Dynamics of Distortion: How Successive Summarization Alters the Retelling of News,10.1177/0022243720987147,39,200,https://openalex.org/W3118993169,36,36,-3
2021,The Dark Side of Mobile App Adoption: Examining the Impact on Customers’ Multichannel Purchase,10.1177/0022243720988257,27,200,https://openalex.org/W3119991496,24,24,-3
2021,Do Animated Line Graphs Increase Risk Inferences?,10.1177/00222437211002128,49,200,https://openalex.org/W3135883262,49,49,0
2021,Happiness Begets Money: Emotion and Engagement in Live Streaming,10.1177/00222437211002477,64,200,https://openalex.org/W3135549087,58,58,-6
2021,Navigating Shared Consumption Experiences: Clarity About a Partner’s Interests Increases Enjoyment,10.1177/00222437211002818,34,200,https://openalex.org/W3134750362,34,34,0
2021,Political Identity and Preference for Supplemental Educational Programs,10.1177/00222437211004252,92,200,https://openalex.org/W3135714713,86,86,-6
2021,How Do Bonus Payments Affect the Demand for Auto Loans and Their Delinquency?,10.1177/00222437211009214,36,200,https://openalex.org/W3136079598,33,33,-3
2021,Incentives Increase Relative Positivity of Review Content and Enjoyment of Review Writing,10.1177/00222437211010439,81,200,https://openalex.org/W3150457665,74,74,-7
2021,How (and When) the Presence of Food Decreases Enjoyment of Customer Experiences,10.1177/00222437211010465,55,200,https://openalex.org/W3141009814,48,48,-7
2021,The Performance Impact of Core-Component Outsourcing: Insights from the LCD TV Industry,10.1177/00222437211010766,70,200,https://openalex.org/W3141714868,50,50,-20
2021,"Religious Belief, Religious Priming, and Negative Word of Mouth",10.1177/00222437211011196,67,200,https://openalex.org/W3149968621,63,63,-4
2021,The Signal Value of Crowdfunded Products,10.1177/00222437211012451,90,200,https://openalex.org/W3155108401,91,91,1
2021,"Improving Business-to-Business Customer Satisfaction Programs: Assessment of Asymmetry, Heterogeneity, and Financial Impact",10.1177/00222437211013781,70,200,https://openalex.org/W3155626213,81,81,11
2021,Strategic Polarization in Group Interactions,10.1177/00222437211016389,57,200,https://openalex.org/W3174138440,46,46,-11
2021,Dynamics of Musical Success: A Machine Learning Approach for Multimedia Data Fusion,10.1177/00222437211016495,67,200,https://openalex.org/W3161304358,58,58,-9
2021,Drinking Through Good Times and Bad: The Role of Consumer Differences,10.1177/00222437211017460,85,200,https://openalex.org/W3159760905,82,82,-3
2021,Do Activity-Based Incentive Plans Work? Evidence from a Large-Scale Field Intervention,10.1177/00222437211020013,43,200,https://openalex.org/W2950915040,49,49,6
2021,Interacting User-Generated Content Technologies: How Questions and Answers Affect Consumer Reviews,10.1177/00222437211020274,40,200,https://openalex.org/W3162795458,35,35,-5
2021,Increasing Team Performance by Sharing Success,10.1177/00222437211021835,33,200,https://openalex.org/W3161207680,31,31,-2
2021,Choosing the Light Meal: Real-Time Aggregation of Calorie Information Reduces Meal Calories,10.1177/00222437211022367,61,200,https://openalex.org/W3162140234,57,57,-4
2021,The Minimum Wage and Consumer Nutrition,10.1177/00222437211023475,78,200,https://openalex.org/W3165484304,69,69,-9
2021,The Effect of Slow Motion Video  on Consumer Inference,10.1177/00222437211025054,80,200,https://openalex.org/W3168289492,78,78,-2
2021,Commercial Success Through Commercials? Advertising and Pay-TV Operators,10.1177/00222437211028120,53,200,https://openalex.org/W3166575287,43,43,-10
2021,First-Price Auctions in Online Display Advertising,10.1177/00222437211030201,55,200,https://openalex.org/W3175318851,40,40,-15
2021,Feeling Lonely Increases Interest in Previously Owned Products,10.1177/00222437211030685,71,200,https://openalex.org/W3173858560,70,70,-1
2021,How Association with Physical Waste Attenuates Consumer Preferences for Rescue-Based Food,10.1177/00222437211031243,56,200,https://openalex.org/W3173895324,54,54,-2
2021,Overcoming the Cold Start Problem of Customer Relationship Management Using  a Probabilistic Machine Learning Approach,10.1177/00222437211032938,54,200,https://openalex.org/W3177811426,48,48,-6
2021,Beautiful and Confident: How Boosting Self-Perceived Attractiveness Reduces Preference Uncertainty in  Context-Dependent Choices,10.1177/00222437211033179,55,200,https://openalex.org/W3181667037,54,54,-1
2021,Relative Effectiveness of Print and Digital Advertising: A Memory Perspective,10.1177/00222437211034438,51,200,https://openalex.org/W3178768149,48,48,-3
2021,The Power of Brand Selfies,10.1177/00222437211037258,66,200,https://openalex.org/W3198767726,57,57,-9
2021,Emotional Expressions and Brand Status,10.1177/00222437211037340,104,200,https://openalex.org/W3200471695,94,94,-10
2021,Consumer Behavior in the Online  Classroom: Using Video Analytics  and Machine Learning to Understand the Consumption of Video Courseware,10.1177/00222437211042013,78,200,https://openalex.org/W3197716485,53,53,-25
2021,"Marketing Insights from Multimedia Data:  Text, Image, Audio, and Video",10.1177/00222437211054601,64,200,https://openalex.org/W3213413909,60,60,-4
2021,The Role of Gender in Pay-What-You-Want Contexts,10.1177/0022243721992056,69,200,https://openalex.org/W3123170652,73,73,4
2021,Ritualistic Consumption Decreases Loneliness by Increasing Meaning,10.1177/0022243721993426,71,200,https://openalex.org/W3125835255,64,64,-7
2021,Psychological Ownership of (Borrowed) Money,10.1177/0022243721993816,58,200,https://openalex.org/W3125783967,52,52,-6
2021,Understanding Lateral and Vertical Biases in Consumer Attention: An In-Store Ambulatory Eye-Tracking Study,10.1177/0022243721998375,77,200,https://openalex.org/W3128931914,61,61,-16
2021,Marketers Project Their Personal Preferences onto Consumers: Overcoming the Threat of Egocentric Decision Making,10.1177/0022243721998378,53,200,https://openalex.org/W3126588028,47,47,-6
2022,Product Quality and Performance in the Internet Age: Evidence from Creationist-Friendly Curriculum,10.1177/0022243720971579,37,200,https://openalex.org/W3093760652,30,30,-7
2022,Gender (Still) Matters in Business School,10.1177/0022243720972368,60,200,https://openalex.org/W3093759851,57,57,-3
2022,Educational Campaigns for Product Labels: Evidence from On-Shelf Nutritional Labeling,10.1177/0022243720981975,40,200,https://openalex.org/W3106924983,41,41,1
2022,Heart or Mind? The Impact of Power Distance Belief on the Persuasiveness of Cognitive Versus Affective Appeals in Education Marketing Messages,10.1177/00222437211002196,70,200,https://openalex.org/W3135483868,66,66,-4
2022,Effects of Payment on User Engagement in Online Courses,10.1177/00222437211016360,45,200,https://openalex.org/W3157101706,42,42,-3
2022,The “Idea Advantage”: How Content Sharing Strategies Impact Engagement in Online Learning Platforms,10.1177/00222437211017828,66,200,https://openalex.org/W3159148328,56,56,-10
2022,Early Cost Realization and College Choice,10.1177/00222437211026337,36,200,https://openalex.org/W3167089307,24,24,-12
2022,Empowering Education with Crowdfunding: The Role of Crowdfunded Resources and Crowd Screening,10.1177/00222437211033536,71,200,https://openalex.org/W3182608740,51,51,-20
2022,Perceived Versus Negotiated Discounts: The Role of Advertised Reference Prices in Price Negotiations,10.1177/00222437211034443,85,200,https://openalex.org/W3177613340,76,76,-9
2022,"We Succeeded Together, Now What: Relationship Power and Sequential Decisions in Couples’ Joint Goal Pursuits",10.1177/00222437211034513,92,200,https://openalex.org/W3139923071,81,81,-11
2022,Information Disclosure Policy and Its Implications: Ratcheting in Supply Chains,10.1177/00222437211035115,49,200,https://openalex.org/W3178685999,48,48,-1
2022,Deceptive Claims Using Fake News Advertising: The Impact on Consumers,10.1177/00222437211039804,37,200,https://openalex.org/W3187352137,32,32,-5
2022,Prominent Retailer and Intrabrand Competition,10.1177/00222437211044105,62,200,https://openalex.org/W3194677615,50,50,-12
2022,Hype News Diffusion and Risk of Misinformation: The Oz Effect in Health Care,10.1177/00222437211044472,49,200,https://openalex.org/W3193293851,40,40,-9
2022,"Online Training of Salespeople: Impact, Heterogeneity, and Spillover Effects",10.1177/00222437211048498,67,200,https://openalex.org/W3199693472,58,58,-9
2022,Home-Tutoring Services Assisted with Technology: Investigating the Role of Artificial Intelligence Using a Randomized Field Experiment,10.1177/00222437211050351,84,200,https://openalex.org/W3199729143,72,72,-12
2022,Attribute Sentiment Scoring with Online Text Reviews: Accounting for Language Structure and Missing Attributes,10.1177/00222437211052500,65,200,https://openalex.org/W3201959652,61,61,-4
2022,How Does Global–Local Identity Affect Consumer Preference for Access-Based Consumption? Investigating the Mediating Role of Consumption Openness,10.1177/00222437211055130,51,200,https://openalex.org/W3207416136,46,46,-5
2022,Down a Rabbit Hole: How Prior Media Consumption Shapes Subsequent Media Consumption,10.1177/00222437211055403,74,200,https://openalex.org/W3205233488,66,66,-8
2022,Frequency Versus Intensity: How Thinking of a Frequent Consumption Indulgence as Social Versus Solitary Affects Preferences for How to Cut Back,10.1177/00222437211055741,60,200,https://openalex.org/W3206039868,53,53,-7
2022,Variety Effects in Mobile Advertising,10.1177/00222437211056090,61,200,https://openalex.org/W3206866323,53,53,-8
2022,A Reference-Dependent-Preferences-Based Model of Extended Warranty Purchase Decisions,10.1177/00222437211056911,56,200,https://openalex.org/W3206662828,43,43,-13
2022,"Cross-National Differences in Market Response: Line-Length, Price, and Distribution Elasticities in 14 Indo-Pacific Rim Economies",10.1177/00222437211058102,82,200,https://openalex.org/W3191623435,76,76,-6
2022,Bayesian Consumer Profiling: How to Estimate Consumer Characteristics from Aggregate Data,10.1177/00222437211059088,39,200,https://openalex.org/W3208764452,24,24,-15
2022,Observing Product Touch: The Vicarious Haptic Effect in Digital Marketing and Virtual Reality,10.1177/00222437211059540,55,200,https://openalex.org/W3209611345,50,50,-5
2022,The Impact of Historical Price Information on Purchase Deferral,10.1177/00222437211060359,49,200,https://openalex.org/W3210814577,46,46,-3
2022,Money-Back Guarantees and Service Quality: The Marketing of In Vitro Fertilization Services,10.1177/00222437211060733,28,200,https://openalex.org/W3209341734,26,26,-2
2022,Tainted by Stigma: The Interplay of Stigma and Moral Identity in Health Persuasion,10.1177/00222437211060854,73,200,https://openalex.org/W3210177747,72,72,-1
2022,Demand Interactions in Sharing Economies: Evidence from a Natural Experiment Involving Airbnb and Uber/Lyft,10.1177/00222437211062172,46,200,https://openalex.org/W3213299617,28,28,-18
2022,Preference Reversals Between Digital and Physical Goods,10.1177/00222437211065020,43,200,https://openalex.org/W3215809603,36,36,-7
2022,High-Energy Ad Content: A Large-Scale Investigation of TV Commercials,10.1177/00222437211067802,45,200,https://openalex.org/W4200381462,42,42,-3
2022,"Understanding and Neutralizing the Expense Prediction Bias: The Role of Accessibility, Typicality, and Skewness",10.1177/00222437211068025,52,200,https://openalex.org/W4200611774,42,42,-10
2022,Spotlight Personnel: How Hiring and Turnover Drive Service Performance Versus Demand,10.1177/00222437211068049,85,200,https://openalex.org/W4200195389,69,69,-16
2022,"Education and Marketing: Decision Making, Spending, and Consumption",10.1177/00222437211068091,75,200,https://openalex.org/W4205841707,58,58,-17
2022,Learning to Set Prices,10.1177/00222437211068527,37,200,https://openalex.org/W4200343078,33,33,-4
2022,The Bulletproof Glass Effect: Unintended Consequences of Privacy Notices,10.1177/00222437211069093,92,200,https://openalex.org/W4200102870,85,85,-7
2022,Thumbs Up or Down: Consumer Reactions to Decisions by Algorithms Versus Humans,10.1177/00222437211070016,72,200,https://openalex.org/W3177900756,64,64,-8
2022,Context Information Can Increase Revenue in Online Display Advertising Auctions: Evidence from a Policy Change,10.1177/00222437211070219,56,200,https://openalex.org/W4200532319,40,40,-16
2022,Default Effects of Credit Card Minimum Payments,10.1177/00222437211070589,75,200,https://openalex.org/W4200346131,65,65,-10
2022,Handling Endogenous Regressors Using Copulas: A Generalization to Linear Panel Models with Fixed Effects and Correlated Regressors,10.1177/00222437211070820,70,200,https://openalex.org/W4200188473,67,67,-3
2022,Extremity Bias in Online Reviews: The Role of Attrition,10.1177/00222437211073579,44,200,https://openalex.org/W4200160148,38,38,-6
2022,"The More You Ask, the Less You Get: When Additional Questions Hurt External Validity",10.1177/00222437211073581,74,200,https://openalex.org/W4200259441,72,72,-2
2022,Time Periods Feel Longer When They Span More Category Boundaries: Evidence from the Lab and the Field,10.1177/00222437211073810,52,200,https://openalex.org/W4205455949,45,45,-7
2022,Service Provision in Distribution Channels,10.1177/00222437211073818,37,200,https://openalex.org/W4205570911,31,31,-6
2022,Testing Theories of Goal Progress in Online Learning,10.1177/0022243721991100,60,200,https://openalex.org/W3122348569,55,55,-5
2022,How Established Organizations Combine Logics to Reconfigure Resources and Adapt to Marketization: A Case Study of Brazilian Religious Schools,10.1177/0022243721999042,59,200,https://openalex.org/W3131828596,52,52,-7
2022,Six Methods for Latent Moderation Analysis in Marketing Research: A Comparison and Guidelines,10.1177/00222437221077266,66,200,https://openalex.org/W4206446382,63,63,-3
2022,Engaging Consumers with Environmental Sustainability Initiatives: Consumer Global–Local Identity and Global Brand Messaging,10.1177/00222437221078522,73,200,https://openalex.org/W4206996253,64,64,-9
2022,An Unintended Consequence of Product Upgrades: How Upgrades Can Make Current Consumers Feel Left Behind,10.1177/00222437221078551,58,200,https://openalex.org/W4207072094,56,56,-2
2022,The Power of Profanity: The Meaning and Impact of Swear Words in Word of Mouth,10.1177/00222437221078606,68,200,https://openalex.org/W4207027761,58,58,-10
2022,The Impact of Subscription Programs on Customer Purchases,10.1177/00222437221080163,50,200,https://openalex.org/W4210407456,49,49,-1
2022,When and How Should Firms Differentiate? Quality and Advertising Decisions in a Duopoly,10.1177/00222437221082076,43,200,https://openalex.org/W4210496380,35,35,-8
2022,A Structural Model of Organizational Buying for Business-to-Business Markets: Innovation Adoption with Share-of-Wallet Contracts,10.1177/00222437221084986,49,200,https://openalex.org/W4212925837,45,45,-4
2022,The Effects of Consumer Preference and Peer Influence on Trial of an Experience Good,10.1177/00222437221093603,86,200,https://openalex.org/W4220963101,81,81,-5
2022,The Price Entitlement Effect: When and Why High Price Entitles Consumers to Purchase Socially Costly Products,10.1177/00222437221094301,77,200,https://openalex.org/W4220668519,71,71,-6
2022,A Choice Model of Utility Maximization and Regret Minimization,10.1177/00222437221094824,26,200,https://openalex.org/W4226072144,24,24,-2
2022,Managing Positive and Negative Trends in Sales Call Outcomes: The Role of Momentum,10.1177/00222437221095097,40,200,https://openalex.org/W4226183890,36,36,-4
2022,Indulgent Consumption Signals Interpersonal Warmth,10.1177/00222437221097089,82,200,https://openalex.org/W3174129487,72,72,-10
2022,Expected Socioeconomic-Status-Based Discrimination Reduces Price Sensitivity Among the Poor,10.1177/00222437221097100,74,200,https://openalex.org/W4224000849,66,66,-8
2022,Building Brand Assets: The Role of Trademark Rights,10.1177/00222437221097108,89,200,https://openalex.org/W4223941779,57,57,-32
2022,Risk on the Edge: The Effect of Relative Spatial Location on Consumer Preferences and Choices,10.1177/00222437221097382,79,200,https://openalex.org/W4223985787,70,70,-9
2022,The Profitability of Purchase Limits During Shortages,10.1177/00222437221101808,96,200,https://openalex.org/W4229054376,74,74,-22
2023,Women and Minority Film Directors in Hollywood: Performance Implications of Product Development and Distribution Biases,10.1177/00222437221100217,88,200,https://openalex.org/W4286785533,72,72,-16
2023,How Do Nutritional Warning Labels Affect Prices?,10.1177/00222437221105014,40,200,https://openalex.org/W4280557968,37,37,-3
2023,"Business-to-Business Projects, Task Configuration, and Innovation",10.1177/00222437221105828,108,200,https://openalex.org/W4281395853,98,98,-10
2023,Vertical Versus Horizontal Variance in Online Reviews and Their Impact on Demand,10.1177/00222437221107549,34,200,https://openalex.org/W4281654779,32,32,-2
2023,You Must Have a Preference: The Impact of No-Preference Communication on Joint Decision Making,10.1177/00222437221107593,71,200,https://openalex.org/W4281707423,68,68,-3
2023,From Strangers to Friends: Tie Formations and Online Activities in an Evolving Social Network,10.1177/00222437221107900,71,200,https://openalex.org/W4282020046,63,63,-8
2023,Suspense and Surprise in Media Product Design: Evidence from Twitch,10.1177/00222437221108653,71,200,https://openalex.org/W4293078953,54,54,-17
2023,I Will Be Green for Us: When Consumers Compensate for Their Partners’ Unsustainable Behavior,10.1177/00222437221108891,83,200,https://openalex.org/W4293078907,78,78,-5
2023,The Effectiveness of Cause-Related Marketing: A Meta-Analysis on Consumer Responses,10.1177/00222437221109782,134,200,https://openalex.org/W4282561899,129,129,-5
2023,Algorithmic Transference: People Overgeneralize Failures of AI in the Government,10.1177/00222437221110139,57,200,https://openalex.org/W4282981817,49,49,-8
2023,Rational Inattention as an Empirical Framework for Discrete Choice and Consumer-Welfare Evaluation,10.1177/00222437221110173,63,200,https://openalex.org/W4282975827,53,53,-10
2023,Multimarket Membership Mapping,10.1177/00222437221110460,69,200,https://openalex.org/W4283016800,65,65,-4
2023,You Should Try These Together: Combinatory Recommendations Signal Expertise and Improve Product Attitudes,10.1177/00222437221111344,54,200,https://openalex.org/W4283210002,45,45,-9
2023,Role Integration Increases the Fungibility of Mentally Accounted Funds,10.1177/00222437221112058,62,200,https://openalex.org/W4283258514,55,55,-7
2023,“It Could Be Better” Can Make It Worse: When and Why People Mistakenly Communicate Upward Counterfactual Information,10.1177/00222437221112312,40,200,https://openalex.org/W4283361691,40,40,0
2023,Advance Selling in Marketing Channels,10.1177/00222437221112644,40,200,https://openalex.org/W4293058422,31,31,-9
2023,Selling Mechanism Design for Peer-to-Peer Lending and Related Markets: The Multi-Unit Uniform-Price Open Auction Versus Fixed Price,10.1177/00222437221113235,36,200,https://openalex.org/W4283729614,30,30,-6
2023,Product-Harm Crises and Spillover Effects: A Case Study of the Volkswagen Diesel Emissions Scandal in eBay Used Car Auction Markets,10.1177/00222437221115616,25,200,https://openalex.org/W4284994512,24,24,-1
2023,Optimal Microtargeting of Advertising,10.1177/00222437221116034,46,200,https://openalex.org/W4285089798,39,39,-7
2023,Paralanguage Classifier (PARA): An Algorithm for Automatic Coding of Paralinguistic Nonverbal Parts of Speech in Text,10.1177/00222437221116058,102,200,https://openalex.org/W4285395910,86,86,-16
2023,"I Will Get a Reward, Too: When Disclosing the Referrer Reward Increases Referring",10.1177/00222437221117113,82,200,https://openalex.org/W4285726562,72,72,-10
2023,Examining the Efficacy of Time Scarcity Marketing Promotions in Online Retail,10.1177/00222437221118856,68,200,https://openalex.org/W4288035992,59,59,-9
2023,Phone and Self: How Smartphone Use Increases Preference for Uniqueness,10.1177/00222437221120404,92,200,https://openalex.org/W4289654129,82,82,-10
2023,Intransitivity of Consumer Preferences for Privacy,10.1177/00222437221122994,70,200,https://openalex.org/W4293064243,60,60,-10
2023,It’s the Effort That Counts: The Effect of Self-Control on Goal Progress Perceptions,10.1177/00222437221123969,61,200,https://openalex.org/W4292986192,56,56,-5
2023,"Does Company Size Shape Product Quality Inferences? Larger Companies Make Better High-Tech Products, but Smaller Companies Make Better Low-Tech Products",10.1177/00222437221124857,99,200,https://openalex.org/W4293213144,88,88,-11
2023,Feeling Good or Feeling Right: Sustaining Negative Emotion After Exposure to Human Suffering,10.1177/00222437221126917,95,200,https://openalex.org/W4294486402,92,92,-3
2023,When Payments Go Social: The Use of Person-to-Person Payment Methods Attenuates the Endowment Effect,10.1177/00222437221128255,77,200,https://openalex.org/W3188776901,63,63,-14
2023,Paying Twice for Aesthetic Customization? The Negative Effect of Uniqueness on a Product's Resale Value,10.1177/00222437221128576,47,200,https://openalex.org/W4296295587,40,40,-7
2023,"The Effects of Digital Textbooks on Students’ Academic Performance, Academic Interest, and Learning Skills",10.1177/00222437221130712,111,200,https://openalex.org/W4296713795,97,97,-14
2023,How Consumers Respond to Embarrassing Service Encounters: A Dehumanization Perspective,10.1177/00222437221130721,52,200,https://openalex.org/W4296709665,52,52,0
2023,Discovering Online Shopping Preference Structures in Large and Frequently Changing Store Assortments,10.1177/00222437221130722,50,200,https://openalex.org/W4296709493,44,44,-6
2023,The Effects of Content Ephemerality on Information Processing,10.1177/00222437221131047,95,200,https://openalex.org/W4296830596,88,88,-7
2023,From Free to Paid: Monetizing a Non-Advertising-Based App,10.1177/00222437221131562,75,200,https://openalex.org/W4297229007,53,53,-22
2023,Lobbying and Product Recalls: A Study of the U.S. Automobile Industry,10.1177/00222437221131568,119,200,https://openalex.org/W4297224911,89,89,-30
2023,More Voices Persuade: The Attentional Benefits of Voice Numerosity,10.1177/00222437221134115,111,200,https://openalex.org/W4303423569,92,92,-19
2023,The Daily Me Versus the Daily Others: How Do Recommendation Algorithms Change User Interests? Evidence from a Knowledge-Sharing Platform,10.1177/00222437221134237,40,200,https://openalex.org/W4303423636,33,33,-7
2023,Beyond Sentiment: The Value and Measurement of Consumer Certainty in Language,10.1177/00222437221134802,83,200,https://openalex.org/W4306160603,69,69,-14
2023,The Sound of Music: The Effect of Timbral Sound Quality in Audio Logos on Brand Personality Perception,10.1177/00222437221135188,87,200,https://openalex.org/W4306164421,75,75,-12
2023,Too Time-Crunched to Seek Variety: The Influence of Parenting Motivation on Consumer Variety Seeking,10.1177/00222437221136491,109,200,https://openalex.org/W4306756417,100,100,-9
2023,Statistical Inference for the Factor Model Approach to Estimate Causal Effects in Quasi-Experimental Settings,10.1177/00222437221137533,46,200,https://openalex.org/W4307329764,42,42,-4
2023,Teach a Man to Fish: The Use of Autonomous Aid in Eliciting Donations,10.1177/00222437221140028,68,200,https://openalex.org/W4308260506,63,63,-5
2023,Consumer Privacy Choices and (Un)Targeted Advertising Along the Purchase Journey,10.1177/00222437221140052,53,200,https://openalex.org/W4308496043,38,38,-15
2023,Attention Trajectories Capture Utility Accumulation and Predict Brand Choice,10.1177/00222437221141052,72,200,https://openalex.org/W4308883699,69,69,-3
2023,The Ripple Effect of Firm-Generated Content on New Movie Releases,10.1177/00222437221143066,62,200,https://openalex.org/W4310487429,56,56,-6
2023,"In Goal Pursuit, I Think Flexibility Is the Best Choice for Me but Not for You",10.1177/00222437221143755,48,200,https://openalex.org/W4309821861,40,40,-8
2023,Omitted Budget Constraint Bias and Implications for Competitive Pricing,10.1177/00222437221145283,41,200,https://openalex.org/W4310537924,36,36,-5
2023,Helping Those That Hide: Anticipated Stigmatization Drives Concealment and a Destructive Cycle of Debt,10.1177/00222437221146521,81,200,https://openalex.org/W4311660475,72,72,-9
2023,When and How Slow Motion Makes Products More Luxurious,10.1177/00222437221146728,101,200,https://openalex.org/W4311849087,89,89,-12
2023,What Motivates Social Security Claiming Age Intentions? Testing Behaviorally Informed Interventions Alongside Individual Differences,10.1177/00222437221147221,74,200,https://openalex.org/W4311137560,65,65,-9
2023,The Impact of In-Store Inspirational (vs. Deal-Oriented) Communication on Spending: The Importance of Activating Consumption Goal Completion,10.1177/00222437221149508,38,200,https://openalex.org/W4312100755,36,36,-2
2023,Understanding How Music Influences Shopping on Weekdays and Weekends,10.1177/00222437221150930,70,200,https://openalex.org/W4313331183,62,62,-8
2023,Measuring Evidence for Mediation in the Presence of Measurement Error,10.1177/00222437231151873,89,200,https://openalex.org/W4313703120,88,88,-1
2023,Impact of Buying Groups on Buyer–Supplier Relationships: Group–Dyad Interactions in Business-to-Business Markets,10.1177/00222437231152207,66,200,https://openalex.org/W4313680506,59,59,-7
2023,Save More Today or Tomorrow: The Role of Urgency in Precommitment Design,10.1177/00222437231153396,36,200,https://openalex.org/W4315927025,36,36,0
2023,How Can Publishers Collaborate and Compete with News Aggregators?,10.1177/00222437231153607,41,200,https://openalex.org/W4316020651,28,28,-13
2023,Virtual Fitting Room Effect: Moderating Role of Body Mass Index,10.1177/00222437231154871,73,200,https://openalex.org/W4319836158,65,65,-8
2023,Female Chief Marketing Officers: When and Why Do Their Marketing Decisions Differ from Their Male Counterparts’?,10.1177/00222437231156902,99,200,https://openalex.org/W4319788087,87,87,-12
2023,How Do Fast-Fashion Copycats Affect the Popularity of Premium Brands? Evidence from Social Media,10.1177/00222437231164403,62,200,https://openalex.org/W4323316237,50,50,-12
2023,"A Manuscript's Journey Through Peer Review: Insights from Almost 3,000 Editorial Decisions at the <i>Journal of Marketing Research</i>",10.1177/00222437231188507,8,200,https://openalex.org/W4385458639,8,8,0
2024,The Credibility of Communication in a Pandemic,10.1177/00222437221128503,51,200,https://openalex.org/W4296295596,40,40,-11
2024,Favorite Possessions Protect Subjective Well-Being Under Income Inequality,10.1177/00222437221141053,82,200,https://openalex.org/W4308882203,73,73,-9
2024,Debunking Misinformation About Consumer Products: Effects on Beliefs and Purchase Behavior,10.1177/00222437221147088,71,200,https://openalex.org/W4312063329,54,54,-17
2024,Effective Implementation of Predictive Sales Analytics,10.1177/00222437221151039,88,200,https://openalex.org/W4313364945,82,82,-6
2024,Testing Work–Life Theory in Marketing: Evidence from Field Experiments on Social Media,10.1177/00222437231152894,52,200,https://openalex.org/W4319841240,48,48,-4
2024,Will Online Shopping Lead to More Brand Loyalty Than Offline Shopping? The Role of Uncertainty Avoidance,10.1177/00222437231153075,74,200,https://openalex.org/W4315782091,58,58,-16
2024,Resources Available for Me Versus Us: Implications for Mitigating Consumer Food Waste,10.1177/00222437231162615,83,200,https://openalex.org/W4321763618,75,75,-8
2024,The Design Communication Assessment Scale (DCAS): Assessing and Adjusting the Effectiveness of Product Design Communications,10.1177/00222437231166342,69,200,https://openalex.org/W4324138937,61,61,-8
2024,The Uptrend Effect: Encouraging Healthy Behaviors Through Greater Inferred Normativity,10.1177/00222437231167832,71,200,https://openalex.org/W4353083373,66,66,-5
2024,Food Craving Increases Unhealthy Food Purchases: A Study of SNAP Households,10.1177/00222437231168339,42,200,https://openalex.org/W4360610569,36,36,-6
2024,Words Meet Photos: When and Why Photos Increase Review Helpfulness,10.1177/00222437231169711,75,200,https://openalex.org/W4362465228,64,64,-11
2024,How Consumers Resolve Conflict over Branded Products: Evidence from Mouse Cursor Trajectories,10.1177/00222437231170838,101,200,https://openalex.org/W4362638560,98,98,-3
2024,The Early Impact of GDPR Compliance on Display Advertising: The Case of an Ad Publisher,10.1177/00222437231171848,61,200,https://openalex.org/W4364379403,44,44,-17
2024,Horizontal Referrals in B2B Markets,10.1177/00222437231175415,61,200,https://openalex.org/W4367172235,55,55,-6
2024,Revealing and Mitigating Racial Bias and Discrimination in Financial Services,10.1177/00222437231176470,89,200,https://openalex.org/W4368371321,69,69,-20
2024,The “Achilles Heel” of Established  Brands: The Effect of Brand Age on  Consumers’ Brand Choice,10.1177/00222437231178544,40,200,https://openalex.org/W4376271773,39,39,-1
2024,Wheels to Meals: Measuring the Impact of Micromobility on Restaurant Demand,10.1177/00222437231179021,34,200,https://openalex.org/W4376636433,15,15,-19
2024,Unveiling Stars: How Graphical Displays of Online Consumer Ratings Affect Consumer Perception and Judgment,10.1177/00222437231179186,55,200,https://openalex.org/W4376637884,50,50,-5
2024,The Art of Slowness: Slow Motion Enhances Consumer Evaluations by Increasing Processing Fluency,10.1177/00222437231179187,59,200,https://openalex.org/W4376638015,57,57,-2
2024,TV Advertising and Online Sales: A Case Study of Intertemporal Substitution Effects for an Online Travel Platform,10.1177/00222437231180171,43,200,https://openalex.org/W4377226395,33,33,-10
2024,The Effects of Pressure and Self-Assurance Nudges on Product Purchases and Returns in Online Retailing: Evidence from a Randomized Field Experiment,10.1177/00222437231180494,48,200,https://openalex.org/W4377982368,44,44,-4
2024,Success Is Not Final; Failure Is Not Fatal: How Failure Versus Success Messaging Leads to Preference for Masculine Brands,10.1177/00222437231181078,79,200,https://openalex.org/W4378191092,72,72,-7
2024,The Influence of Shared Consumption on Product Efficacy Perceptions: The Detrimental Effect of Sharing with Strangers,10.1177/00222437231181137,64,200,https://openalex.org/W4378191691,55,55,-9
2024,“Repayment-by-Purchase” Increases Consumer Debt Repayment,10.1177/00222437231182372,31,200,https://openalex.org/W4379160711,30,30,-1
2024,The Role of Heritage Connection in Consumer Valuation,10.1177/00222437231182434,50,200,https://openalex.org/W4379142908,38,38,-12
2024,Power Distance Belief and Consumer Purchase Avoidance: Exploring the Role of Cultural Factors in Retail Dynamics,10.1177/00222437231182600,74,200,https://openalex.org/W4379142970,62,62,-12
2024,Brands in the Labor Market: How Vertical and Horizontal Brand Differentiation Impact Pay and Profits Through Employee–Brand Matching,10.1177/00222437231184429,81,200,https://openalex.org/W4380487375,73,73,-8
2024,Sharing Food Can Backfire: When Healthy Choices for Children Lead Parents to Make Unhealthy Choices for Themselves,10.1177/00222437231184830,74,200,https://openalex.org/W4380421144,67,67,-7
2024,Divergent Versus Relevant Ads: How Creative Ads Affect Purchase Intention for New Products,10.1177/00222437231187630,70,200,https://openalex.org/W4382541189,68,68,-2
2024,Detecting Routines: Applications to Ridesharing Customer Relationship Management,10.1177/00222437231189185,44,200,https://openalex.org/W4383314414,38,38,-6
2024,The Agent's Impatience: A Self–Other Decision Model of Intertemporal Choices,10.1177/00222437231190851,85,200,https://openalex.org/W4384297663,79,79,-6
2024,The Impact of Negative Reviews on Online Search and Purchase Decisions,10.1177/00222437231190874,56,200,https://openalex.org/W4384343347,54,54,-2
2024,Metaphor-Enabled Marketplace Sentiment Analysis,10.1177/00222437231191526,143,200,https://openalex.org/W4384932025,127,127,-16
2024,Is It as Bad as It Looks? Judgments of Quantitative Scores Depend on Their Presentation Format,10.1177/00222437231193343,41,200,https://openalex.org/W4385361676,39,39,-2
2024,Neural Signals of Video Advertisement Liking: Insights into Psychological Processes and Their Temporal Dynamics,10.1177/00222437231194319,137,200,https://openalex.org/W4385332269,133,133,-4
2024,Grocery Shopping for America: Mitigation Strategies for Threats to National Identity,10.1177/00222437231194950,71,200,https://openalex.org/W4385448553,66,66,-5
2024,Soda Taxes and Marketing Conduct,10.1177/00222437231195551,68,200,https://openalex.org/W4385582852,62,62,-6
2024,Guardians of Trust: How Review Platforms Can Fight Fakery and Build Consumer Trust,10.1177/00222437231195576,87,200,https://openalex.org/W4385582524,79,79,-8
2024,Correcting Regressor-Endogeneity Bias via Instrument-Free Joint Estimation Using Semiparametric Odds Ratio Models,10.1177/00222437231195577,42,200,https://openalex.org/W4385582407,41,41,-1
2024,"Sunk Cost Effect, Self-Control, and Contract Design",10.1177/00222437231196824,47,200,https://openalex.org/W4385723670,42,42,-5
2024,Over-the-Counter Drug Consumption: How Consumers Deviate from Label Instructions,10.1177/00222437231199434,53,200,https://openalex.org/W4386096650,47,47,-6
2024,Cause-Related Marketing as Sales Promotion,10.1177/00222437231200807,72,200,https://openalex.org/W4386292581,65,65,-7
2024,Response Aggregation to Obtain Truthful Answers to Sensitive Questions: Estimating the Prevalence of Illegal Purchases of Prescription Drugs,10.1177/00222437231205252,57,200,https://openalex.org/W4386892849,49,49,-8
2024,Buying Future Endorsements from Prospective Influencers on User-Generated Content Platforms,10.1177/00222437231207323,20,200,https://openalex.org/W4387185336,18,18,-2
2024,Mega or Micro? Influencer Selection Using Follower Elasticity,10.1177/00222437231210267,68,200,https://openalex.org/W4387652379,50,50,-18
2024,A Preemptive and Curative Solution to Mitigate Data Breaches: Corporate Social Responsibility as a Double Layer of Protection,10.1177/00222437231218969,126,200,https://openalex.org/W4388939858,100,100,-26
2024,Canary Categories,10.1177/00222437231220327,13,200,https://openalex.org/W4389202380,10,10,-3
2024,Leveraging Opportunities and Managing Risks in Marketing Research,10.1177/00222437231221425,10,200,https://openalex.org/W4390112197,8,8,-2
2024,The Value of Safety Training for Business-to-Business Firms,10.1177/00222437231222857,32,200,https://openalex.org/W4389684591,25,25,-7
2024,Disentangling Product Comparisons with the Attribute–Hedonic Model,10.1177/00222437241230912,58,200,https://openalex.org/W4391151551,52,52,-6
2024,Using Price Promotions to Drive Children's Healthy Choices in a Developing Economy,10.1177/00222437241237483,113,200,https://openalex.org/W4392057615,95,95,-18
2024,The Power of a Star Rating: Differential Effects of Customer Rating Formats on Magnitude Perceptions and Consumer Reactions,10.1177/00222437241240694,56,200,https://openalex.org/W4392542900,42,42,-14
2024,The Value of Genetic Data in Predicting Preferences: A Study of Food Taste,10.1177/00222437241244736,61,200,https://openalex.org/W4393054484,55,55,-6
2024,A Topic-Based Segmentation Model for Identifying Segment-Level Drivers of Star Ratings from Unstructured Text Reviews,10.1177/00222437241246752,69,200,https://openalex.org/W4395085178,63,63,-6
2024,Keep It Simple? Consumer Perceptions of Brand Simplicity and Risk,10.1177/00222437241248413,67,200,https://openalex.org/W4394582448,58,58,-9
2024,The Rivalry Reference Effect: Referencing Rival (vs. Nonrival) Competitors in Public Brand Messages Increases Consumer Engagement,10.1177/00222437241248414,70,200,https://openalex.org/W4394563914,63,63,-7
2024,Flowers and Bees: Spatial Network Effects in the Adoption of a Sharing-Economy Platform,10.1177/00222437241255057,27,200,https://openalex.org/W4396619564,26,26,-1
2024,Paying with Money or Paying with Points: How Variable Versus Fixed Exchange Rates Influence Loyalty Point Redemption,10.1177/00222437241255650,54,200,https://openalex.org/W4396709013,43,43,-11
2024,Regulating Digital Piracy Consumption,10.1177/00222437241256372,35,200,https://openalex.org/W4396687033,23,23,-12
2024,"Mitigation in Marketing: Concept, Definition, and Scope",10.1177/00222437241256710,102,200,https://openalex.org/W4399138382,88,88,-14
2024,The Effects of Psychological Distance on the Diagnosticity of Digits to the Left Versus Right of a Separator,10.1177/00222437241262799,56,200,https://openalex.org/W4399361413,54,54,-2
2025,Past Imperfect or Present Perfect? How Dynamic Ranks Influence Consumer Perceptions,10.1177/00222437241248660,44,200,https://openalex.org/W4394563900,42,42,-2
2025,Attention Spillovers from News to Ads: Evidence from an Eye-Tracking Experiment,10.1177/00222437241256900,107,200,https://openalex.org/W4396828315,94,94,-13
2025,Referral Contagion: Downstream Benefits of Customer Referrals,10.1177/00222437241257886,49,200,https://openalex.org/W4396921781,49,49,0
2025,The Rank Length Effect,10.1177/00222437241268439,38,200,https://openalex.org/W4401177274,36,36,-2
2025,Sharing to Persuade: The Role of Donor- Versus Charity-Focused Word of Mouth,10.1177/00222437241268491,53,200,https://openalex.org/W4401176883,50,50,-3
2025,Wait for Free: A Consumption-Decelerating Promotion for Serialized Digital Media,10.1177/00222437241270194,47,200,https://openalex.org/W4401176763,44,44,-3
2025,How Insurance Prices Affect Consumers’ Purchase Decisions: Insurance Price as a Risk Signal,10.1177/00222437241270217,48,200,https://openalex.org/W4401176926,41,41,-7
2025,Designing Quality Certificates: Insights from eBay,10.1177/00222437241270222,55,200,https://openalex.org/W4401177085,49,49,-6
2025,The Closing-the-Gap Effect: Joint Evaluation Leads Donors to Help Charities Farther from Their Goal,10.1177/00222437241270225,47,200,https://openalex.org/W4401176850,44,44,-3
2025,Getting the Board on Board: Marketing Department Power and Board Interlocks,10.1177/00222437241272180,103,200,https://openalex.org/W4401176273,84,84,-19
2025,Zooming In on the Very Early Days: The Role of Trademark Applications in the Acquisition of Venture Capital Seed Funding,10.1177/00222437241272192,103,200,https://openalex.org/W4401176889,97,97,-6
2025,Bayesian Nonparametric Sequential Search,10.1177/00222437241274660,62,200,https://openalex.org/W4401448166,61,61,-1
2025,Driving Mobile App User Engagement Through Gamification,10.1177/00222437241275927,70,200,https://openalex.org/W4401448220,64,64,-6
2025,Generative Interpretable Visual Design: Using Disentanglement for Visual Conjoint Analysis,10.1177/00222437241276736,70,200,https://openalex.org/W4401448184,62,62,-8
2025,How Listening Versus Reading Alters Consumers’ Interpretations of News,10.1177/00222437241280068,58,200,https://openalex.org/W4401859136,53,53,-5
2025,Who Shares Fake News? Uncovering Insights from Social Media Users’ Post Histories,10.1177/00222437241281873,95,200,https://openalex.org/W4402142174,91,91,-4
2025,Monitoring Technologies in Industrial Systems,10.1177/00222437241282308,60,200,https://openalex.org/W4402138955,53,53,-7
2025,The Last Hurrah Effect: End-of-Period Temporal Landmarks Increase Optimism and Financial Risk-Taking,10.1177/00222437241286785,69,200,https://openalex.org/W4402652280,63,63,-6
2025,Crowdfunding Success for Female Versus Male Entrepreneurs Depends on Whether a Consumer Versus Investor Decision Frame Is Salient,10.1177/00222437241286790,51,200,https://openalex.org/W4402652101,44,44,-7
2025,Are We Worse Off After Policy Repeals? Evidence from Two Green Policies,10.1177/00222437241290157,65,200,https://openalex.org/W4403002196,51,51,-14
2025,Groceries or School Cafeterias: How Households Respond to School Nutrition Mandates,10.1177/00222437241291481,74,200,https://openalex.org/W4403386920,58,58,-16
2025,Disrespectful Promotions: The Negative Impact of Price Promotions on Products Symbolically Linked to Stigmatized Identities,10.1177/00222437241293065,85,200,https://openalex.org/W4403386933,75,75,-10
2025,The Multitier Discount Effect,10.1177/00222437241295719,31,200,https://openalex.org/W4403585819,28,28,-3
2025,Addressing Endogeneity Using a Two-Stage Copula Generated Regressor Approach,10.1177/00222437241296453,63,200,https://openalex.org/W4403881903,60,60,-3
2025,Understanding Unitized Food Choice: The Role of Social Context and Marketing Factors in Mitigating Overconsumption,10.1177/00222437241297907,89,200,https://openalex.org/W4403881575,69,69,-20
2025,Rejections Are Stickier Than Choices,10.1177/00222437241301417,63,200,https://openalex.org/W3177354994,61,61,-2
2025,Identifying Competitors in Geographical Markets Using the CSIS Method,10.1177/00222437241302102,47,200,https://openalex.org/W4404217553,45,45,-2
2025,The Golden Halo of Defaults in Simple Choices,10.1177/00222437241303738,74,200,https://openalex.org/W4404637297,74,74,0
2025,That's So Cringeworthy! Understanding What Cringe Is and Why We Want to Share It,10.1177/00222437241305104,42,200,https://openalex.org/W4404832787,31,31,-11
2025,Multi-Segment and Single-Segment Sales Contests: Evidence of Their Effectiveness and the Underlying Mechanisms,10.1177/00222437241307577,41,200,https://openalex.org/W4405285778,33,33,-8
2025,Does Featuring People with Disabilities Help or Hurt Fashion Marketing Effectiveness?,10.1177/00222437241309310,59,200,https://openalex.org/W4405286116,47,47,-12
2025,The Conditional-Promotion Paradox: When and Why Conditional Promotions Decrease Total Sales of the Promoted Product,10.1177/00222437241309324,68,200,https://openalex.org/W4405285584,60,60,-8
2025,Do EEG Metrics Derived from Trailers Predict the Commercial Success of Movies? A Systematic Analysis of Five Independent Datasets,10.1177/00222437241309875,76,200,https://openalex.org/W4405627178,73,73,-3
2025,Smart Contracts in Supply Chains,10.1177/00222437251314003,47,200,https://openalex.org/W4406308265,37,37,-10
2025,Customer-Centric Contract Changes,10.1177/00222437251314024,74,200,https://openalex.org/W4406308392,66,66,-8
2025,The Sound of Status: Product Volume as a Status Signal of Dominance or Prestige,10.1177/00222437251314368,69,200,https://openalex.org/W4406307845,56,56,-13
2025,Product Returns and Assortment Decisions: A Strategic Analysis of Online and Offline Competition,10.1177/00222437251314370,58,200,https://openalex.org/W4406308253,44,44,-14
2025,From Streetwear to High Fashion: How Nonelite Producers Use Hybridization to Enter an Elite Category,10.1177/00222437251314372,138,200,https://openalex.org/W4406307874,55,55,-83
2025,Accounting for Formative and Reflective Topics in Product Review Data for Better Consumer Insights,10.1177/00222437251315745,42,200,https://openalex.org/W4406308398,39,39,-3
2025,Cross-Channel Effects of Failure in a Retailer's Mobile App,10.1177/00222437251318660,57,200,https://openalex.org/W4406998294,53,53,-4
2025,Retributive Philanthropy,10.1177/00222437251320021,79,200,https://openalex.org/W4407193291,60,60,-19
2025,To Acquire or to Ally? The Impact of Strategic Emphasis on Governance Mode Choice,10.1177/00222437251320024,91,200,https://openalex.org/W4407194055,73,73,-18
2025,The Effect of Gender-Neutral Marketing on Consumer Attribute Preference,10.1177/00222437251320605,100,200,https://openalex.org/W4407221757,84,84,-16
2025,"Overestimating Stars, Underestimating Numbers: The Hidden Impact of Rating Formats",10.1177/00222437251322425,50,200,https://openalex.org/W4407665384,42,42,-8
2025,The Slang Paradox: Connecting or Disconnecting with Consumers?,10.1177/00222437251322453,66,200,https://openalex.org/W4407397691,58,58,-8
2025,An AI Method to Score Celebrity Visual Potential,10.1177/00222437251323238,124,200,https://openalex.org/W4407397765,105,105,-19
2025,Consumers Believe Legal Products Are Less Effective Than Illegal Products,10.1177/00222437251328249,52,200,https://openalex.org/W4408395515,39,39,-13
2025,Mapping Spatial Heterogeneity in Retail Advertising Effectiveness,10.1177/00222437251328601,48,200,https://openalex.org/W4408395637,37,37,-11
2025,How Firms Can Steer Social Media Conversations,10.1177/00222437251329816,105,200,https://openalex.org/W4408687412,88,88,-17
2025,Artificial Intelligence on Call: The Physician's Decision of Whether to Use AI in Clinical Practice,10.1177/00222437251332898,61,200,https://openalex.org/W4409109102,50,50,-11
2025,How Awe in Marketing Communications Decreases Consumer Preferences for Limited Edition Products,10.1177/00222437251333742,73,200,https://openalex.org/W4409109062,66,66,-7
2025,The Token-Effort Effect: Trivial Redemption Effort Increases Price Promotion Effectiveness,10.1177/00222437251338050,62,200,https://openalex.org/W4411659316,55,55,-7
2025,Units or Pounds? How Anchoring on Salient Price Information Influences Perceptions of Product Value,10.1177/00222437251340367,34,200,https://openalex.org/W4409749731,29,29,-5
2025,The Effects of Off-Price Store Opening on the Incumbent Channels of a Multichannel Retailer: Full-Line Stores Versus Online Store,10.1177/00222437251347193,38,200,https://openalex.org/W4410586065,24,24,-14
2025,Brands in Unsafe Places: Effects of Brand Safety Incidents on Brand Outcomes,10.1177/00222437251349522,66,200,https://openalex.org/W4410973647,57,57,-9
2025,Modeling Categorized Consumer Collections with Interlocked Hypergraph Neural Networks,10.1177/00222437251349798,66,200,https://openalex.org/W4410973681,43,43,-23
2025,How Fatal School Shootings Impact a Community's Consumption,10.1177/00222437251350150,100,200,https://openalex.org/W4411045625,77,77,-23
2025,Consumer Response to Climate Change: Wildfire Smoke and Sustainable Product Choice,10.1177/00222437251352490,43,200,https://openalex.org/W4411244624,36,36,-7
